_id,bus_no,dest,platform
1,87,"MAGADI ROAD, PRASANNA, PIPELINE ROAD",1
2,87A,"MAGADI ROAD, PRASANNA, PIPELINE ROAD, RAILWAY GATE",1
3,87B,"MAGADI ROAD, PRASANNA, PIPELINE ROAD, INCOME TAX, GANGONDANAHALLI",1
4,61,"MAGADI ROAD, PRASANNA",2
5,61A,"SUJATHA, 6TH BLOCK, PRASANNA, VIJAYANAGAR, INCOME TAX",2
6,61B,"MAGADI ROAD, PRASANNA, VIJAYANAGAR",2
7,61C,"SUJATHA, 6TH BLOCK, PRASANNA, VIJAYANAGAR, ATTIGUPPE",2
8,61E,"SUJATHA, 6TH BLOCK, PRASANNA, VIJAYANAGAR, MARUTHI MANDIR",2
9,61F,"SUJATHA, 6TH BLOCK, PRASANNA, VIJAYANAGAR",2
10,61G,"SUJATHA, PRASANNA, VIJAYANAGAR, INCOME TAX",2
11,61G,"SUJATHA, 6TH BLOCK, PRASANNA, VIJAYANAGAR, INCOME TAX, CHANDRA LAYOUT",2
12,61M,"SUJATHA, 6TH BLOCK, PRASANNA, VIJAYANAGAR, INCOME TAX, CHANDRA LAYOUT",2
13,235B,"MAGADI ROAD, PRASANNA, VIJAYANAGAR, MUDALAPALYA, NAGARBHAVI CIRCLE, MARIYAPPANAPALYA",3
14,235D,"MAGADI ROAD, PRASANNA, VIJAYANAGAR, MUDALAPALYA, NAGARBHAVI CIRCLE, RAMASANDRA",3
15,235F,"SUJATHA 6TH BLOCK, PRASANNA, VIJAYANAGAR, MUDALAPALYA, NAGARBHAVI CIRCLE, GANDHIBAVANA",3
16,235K,"MAGADI ROAD, PRASANNA, VIJAYANAGAR, MUDALAPALYA, NAGARBHAVI CIRCLE, SONNENAHALLI",3
17,235P,"MAGADI ROAD, PRASANNA, VIJAYANAGAR, MUDALAPALYA, NAGARBHAVI CIRCLE, SONNENAHALLI, DODDABASTI",3
18,235Q,"MAGADI ROAD, PRASANNA, VIJAYANAGAR, MUDALAPALYA, BUC, ADM OFFICE, SONNENAHALLI",3
19,238,"MAGADI ROAD, PRASANNA, VIJAYANAGAR, MUDALAPALYA, NAGARBHAVI CIRCLE",3
20,238A,"MAGADI ROAD, PRASANNA, VIJAYANAGAR, INCOME TAX, CHANDRA LAYOUT, NAGARBHAVI CIRCLE",3
21,238AB,"MAGADI ROAD, PRASANNA, VIJAYANAGAR, INCOME TAX, CHANDRA LAYOUT, NAGARBHAVI CIRCLE",3
22,238C,"MAGADI ROAD, PRASANNA, VIJAYANAGAR, MUDALAPALYA, KALYAN NAGAR",3
23,238L,"SUJATHA 6TH BLOCK, PRASANNA, VIJAYANAGAR, MUDALAPALYA, NAGARBHAVI CIRCLE, NRUPATHUNGANAGAR",3
24,238U,"MAGADI ROAD, PRASANNA, VIJAYANAGAR, MUDALAPALYA, NAGARBHAVI CIRCLE, MALLATHAHALLI",3
25,238V,"PRASANNA, VIJAYANAGAR, MUDALAPALYA, NAGARBHAVI CIRCLE",3
26,238W,"MAGADI ROAD, PRASANNA, VIJAYANAGAR, MUDALAPALYA, NAGARBHAVI CIRCLE, MALLATHAHALLI",3
27,238ZA,"MAGADI ROAD, PRASANNA, VIJAYANAGAR, MUDALAPALYA, NAGARBHAVI CIRCLE, MALLATHAHALLI CROSS, VIDYANIKETAN",3
28,223P,"MAGADI ROAD, PRASANNA, VIJAYANAGAR, INCOME TAX, CHANDRA LAYOUT, MALLATHAHALLI CROSS, BALAJI LAYOUT",3
29,223PA,"MAGADI ROAD, PRASANNA, VIJAYANAGAR, INCOME TAX, CHANDRA LAYOUT, MALLATHAHALLI CROSS, BALAJI LAYOUT",3
30,240D,"MAGADI ROAD, PRASANNA, A DASARAHALLI, KAMAKSHIPALYA, SUNKADAKATTE",4
31,240H,"MAGADI ROAD, PRASANNA, A DASARAHALLI, KAMAKSHIPALYA, SUNKADAKATTE, BYADARAHALLI",4
32,240R,"MAGADI ROAD, PRASANNA, A DASARAHALLI, KAMAKSHIPALYA, SUNKADAKATTE, BYADARAHALLI",4
33,241B,"MAGADI ROAD, PRASANNA, A DASARAHALLI, KAMAKSHIPALYA, SUNKADAKATTE, KODIGENAHALLI CROSS, KANNALI",4
34,241CB,"MAGADI ROAD, PRASANNA, A DASARAHALLI, KAMAKSHIPALYA, SUNKADAKATTE, GOLLARAHATTI",4
35,241D,"MAGADI ROAD, PRASANNA, A DASARAHALLI, KAMAKSHIPALYA, SUNKADAKATTE, BHARAT NAGAR 3RD STAGE",4
36,241H,"MAGADI ROAD, PRASANNA, A DASARAHALLI, KAMAKSHIPALYA, SUNKADAKATTE",4
37,242B,"MAGADI ROAD, PRASANNA, A DASARAHALLI, KAMAKSHIPALYA, SUNKADAKATTE, KADABAGRE CROSS, CHANNENAHALLI",4A
38,242CB,"MAGADI ROAD, PRASANNA, A DASARAHALLI, KAMAKSHIPALYA, SUNKADAKATTE, BYADARAHALLI",4A
39,242T,"SUJATHA 6TH BLOCK, PRASANNA, KAMAKSHIPALYA, SUNKADAKATTE, TAVAREKERE, MALLASANDRA, GERALLI",4A
40,242X,"MAGADI ROAD, PRASANNA, A DASARAHALLI, SUNKADAKATTE, TAVAREKERE, HULUVENAHALLI CROSS, CHANDRAPPA CIRCLE, BYALALU",4A
41,242Z,"MAGADI ROAD, PRASANNA, A DASARAHALLI, SUNKADAKATTE, TAVAREKERE, GOLLARAHATTI, MARENAHALLI, CHOLANAYAKANAHALLI TB",4A
42,242ZD,"MAGADI ROAD, PRASANNA, TAVAREKERE, TIPPAGONDANAHALLI, SHANUBHOGANAHALLI",4A
43,243D,"MAGADI ROAD, PRASANNA, SUNKADAKATTE, TUNGANAGAR, ANDRAHALLI",4A
44,243F,"MAGADI ROAD, PRASANNA, SUNKADAKATTE, EAST WEST COLLEGE",4A
45,265,"MAGADI ROAD, PRASANNA, KAMAKSHIPALYA, SUNKADAKATTE, HEGGANAHALLI, PEENYA 2ND STAGE, JALAHALLI CROSS, YESHWANTHPUR",4B
46,265B,"MAGADI ROAD, PRASANNA, KAMAKSHIPALYA, SUNKADAKATTE, HEGGANAHALLI, PEENYA 2ND STAGE, ANDRAHALLI",4B
47,265E,"MAGADI ROAD, PRASANNA, KAMAKSHIPALYA, SUNKADAKATTE, HEGGANAHALLI, NTTF, JALAHALLI CROSS, MARANAYAKANAHALLI",4B
48,G7,"SUJATHA, PRASANNA, SUNKADAKATTE, GOLLARAHATTI, KADABAGERE CROSS",4B
49,88,"SUJATHA TALKIES, DHOBIGHAT",5
50,88A,"BHASHYAM CIRCLE, DHOBIGHAT",5
51,96,"MALLESHWARAM CIRCLE, SHANKAR MUTT",5
52,96A,"SUJATHA TALKIES, INDUSTRIAL TOWN",5
53,96B,"INDUSTRIAL TOWN, BASAVESHWARANAGAR",5
54,96D,"MARIYAPPANA PALYA, SHANKAR MUTT",5
55,96E,"MALLESHWARAM CIRCLE, MODI HOSPITAL",5
56,96F,"MALLESHWARAM CIRCLE, MARIYAPPANA PALYA",5
57,96G,"NAGAPPA BLOCK, NAVARANG TALKIES",5
58,78A,"SUJATHA, RAJAJINAGAR 1ST BLOCK",6
59,78E,"SUJATHA, ISKON TEMPLE",6
60,80,"SUJATHA, RAJAJINAGAR 1ST BLOCK",6
61,80A,"SUJATHA, MAHALAKSHMI LAYOUT",6
62,80B,"SUJATHA, RAJAJINAGAR 1ST BLOCK",6
63,80C,"ESI, MAHALAKSMI LAYOUT",6
64,80D,"SUJATHA, RAJAJINAGAR 1ST BLOCK",6
65,80E,"SUJATHA, MAHALAKSHMI LAYOUT",6
66,80F,"SUJATHA, KANTEERAVA STUDIO",6
67,80G,"RAJAJINAGAR 1ST BLOCK, KANTEERAVA STUDIO",6A
68,80R,"SUJATHA, MAHALAKSHMI LAYOUT, SHANKARA NAGAR",6A
69,80K,"SUJATHA, ESI, MAHALAKSHMI LAYOUT, JAI MARUTHI NAGAR",6A
70,80L,"ESI, MAHALAKSMI LAYOUT, KANTEERAVA NAGAR",6A
71,89,"SUJATHA, RAJAJINAGAR 1ST BLOCK",6A
72,89A,"SUJATHA, SHANKAR MUTT",6A
73,89B,"SUJATHA, RAJAJINAGAR 1ST BLOCK",6A
74,89C,"ESI, RAJAJINAGAR 1ST BLOCK",6A
75,89D,"CENTRAL, HARISHCHANDRAGHAT, MODI HOSPITAL",6A
76,89E,"SUJATHA, BHEEMAJYOTHINAGAR",7
77,89F,"SUJATHA, RAJAJINAGAR 1ST BLOCK",7
78,252F,"SUJATHA, MAHALAKSHMI LAYOUT",7
79,252H,"SUJATHA, MAHALAKSHMI LAYOUT",7
80,264,"ESI, KRISHNANDANAGAR",7
81,267A,"MAHALAKSHMI LAYOUT, SHANKARNAGAR",7
82,45E,"KR MARKET, KATHRIGUPPE",8A
83,45F,"CHAMARAJAPETE, KATHRIGUPPE",8A
84,45G,"HOSAKEREHALLI CROSS, ITTAMADAVU",8A
85,45H,"CORPORATION, CHAMARAJAPETE",8B
86,45H,"COTTONPETE, CHAMARAJAPETE, BSK 3RD STAGE",8B
87,45K,"KR MARKET, GANESHABHAVANA, ITTAMADUGU",8B
88,45M,"KR MARKET, VIVEKANANDA NAGAR",8B
89,49,"CORPORATION, CHAMARAJAPETE",8B
90,49B,"KR MARKET, CHAMARAJAPETE",8B
91,210P,"THYAGARAJA NAGAR, PADMANABHA NAGAR",8B
92,210W,"CORPORATION, PADMANABHA NAGAR",8B
93,210X,"KR MARKET, MANOTYPE",8B
94,210Z,"KR MARKET, BANASHANKARI",8B
95,210A,"KR MARKET, KUMARASWAMY LAYOUT",9
96,210E,"TOWN HALL, UTTARAHALLI",9
97,210I,"CORPORATION, BANASHANKRI, BDA COMPLEX",9
98,210J,"CORPORATION, PADMANABHA NAGAR",9
99,210K,"CORPORATION, BANASHANKRI, BDA COMPLEX",9
100,210KA,"KR MARKET, PADMANABHA NAGAR",9
101,210NA,"PADMANABHA NAGARA, UTTARAHALLI",9
102,36,"CORPORATION, LALBAGH MAIN GATE",10
103,36A,"KR MARKET, APEX BANK",10
104,36B,"CHAMARAJPETE, APEX BANK",10
105,36D,"KR MARKET, APEX BANK",10
106,36E,"CORPORATION, APEX BANK",10
107,36F,"KR MARKET, SREENAGARA",10
108,36H,"CHAMARAJPETE, APEX BANK",10
109,36G,"KR MARKET, NAGENDRA BLOCK",10
110,10,"CHAMARAJAPETE, ASHRAMA",10
111,2,"LALBAGH MAIN GATE, JAYNAGAR 4TH BLOCK",11
112,2A,"CORPORATION, JAYNAGAR 4TH BLOCK",11
113,2E,"LALBAGH MAIN GATE, JAYNAGAR 4TH BLOCK",11
114,2G,"CORPORATION, JAYNAGAR 4TH BLOCK",11
115,210R,"MONOTYPE, ISRO LAYOUT",11A
116,210U,"KR MARKET, MONOTYPE",11A
117,211B,"BANASHANKARI, KAGGALIPURA",11A
118,211F,"BANASHANKARI, KONANKUNTE CROSS",11A
119,211L,"KR MARKET, CORPORATION",11A
120,212B,"CORPORATION, BANASHANKRI",11A
121,212D,"CORPORATION, TALAGHATTAPURA",11A
122,213Z,"KR MARKET, UDAYANAPALYA",11A
123,215R,"VIJAYA COLLEGE, PUTTENAHALLI",11B
124,215G,"KR MARKET, KONANAKUNTE CROSS",11B
125,215H,"VIJAYA COLLEGE, KOTTANURU DINNE",11B
126,215I,"CORPORATION, JARAGANAHALLI",11B
127,215J,"VIJAYA COLLEGE, CHANCHAGHATTA",11B
128,215M,"CORPORATION, JAYNAGAR 5TH BLOCK",11B
129,215N,"KR MARKET, SOUTH END CIRCLE",11B
130,215NA,MAHILA SEVA SAMAJA ANJANAPURA,11B
131,12,"LALBAGH MAIN GATE, VIJAYA COLLEGE",12
132,12A,"CORPORATION, VIJAYA COLLEGE",12
133,12B,"LALBAGH MAIN GATE, BANASHANKARI 2ND STAGE",12
134,12C,"CORPORATION, VIJAYA COLLEGE, TATA SILK FARM",12
135,12D,"CORPORATION, VIJAYA COLLEGE",12
136,12E,"CORPORATION, SOUTHEND CIRCLE",12
137,12F,"LALBAGH MAIN GATE, MANOTYPE",12
138,15C,"CORPORATION, VIJAYA COLLEGE, TATA SILK FARM",12
139,15E,"KR MARKET, MANOTYPE",12
140,15G,"TOWN HALL, MANOTYPE",12A
141,15H,"CORPORATION, KADIRENAHALLI CROSS",12A
142,15J,"KR MARKET, MANOTYPE",12A
143,15L,"KR MARKET, KADIRENAHALLI CROSS",12A
144,25F,"CORPORATION, VIJAYA COLLEGE",13A
145,25G,"CORPORATION, VIJAYA COLLEGE",13A
146,25H,"CORPORATION, LALBAGH",13A
147,25K,"MAHARANI COLLEGE, JAYNAGAR 4TH BLOCK",13A
148,25N,"CORPORATION, ASHOKA PILLAR, JAYNAGAR 4TH BLOCK EAST",13A
149,25J,"CORPORATION, ASHOKA PILLAR",13A
150,364A,"CORPORATION, SOUTHEND CIRCLE, BILEKALLI",13A
151,364B,"CORPORATION, SOUTHEND CIRCLE, VIJAYA BANK COLONY",13A
152,364C,"CORPORATION, SOUTHEND CIRCLE",13A
153,364F,"SHANTINAGAR, JAYADEVA HOSPITAL",13B
154,364G,"CORPORATION, JAYADEVA HOSPITAL",13B
155,165G,"CORPORATION, WILSON GARDEN",14A
156,168D,"CORPORATION, NIMHANS",14A
157,168E,"CORPORATION, NIMHANS",14A
158,168F,"SHANTHINAGAR, NIMHANS",14A
159,171,"CORPORATION, BANGALORE DAIRY",14A
160,171B,"SHANTHINAGAR, WILSON GARDEN",14A
161,171C,"NIMHANS, BANGLORE DAIRY",14A
162,171D,"CORPORATION, BANGALORE DAIRY",14A
163,171F,"SHANTI NAGAR, BANGLORE DAIRY",14B
164,171G,"CORPORATION, HOSUR ROAD, KALYANA MANTAPA",14B
165,171H,"CORPORATION, DAIRY, AUDUGODI",14B
166,171J,"BANGLORE DAIRY, KRM, KALYANA MANTAPA",14B
167,171PP,"CORPORATION, DAIRY, AUDUGODI",14B
168,353C,"MADIVALA, RAJAPURA",15D
169,354C,"MADIVALA, KOODLU GATE, IGLURU",15D
170,355A,"HEBBAGODI, MARADEVANHALLI",15D
171,355C,"KOODLU GATE, TEMPLE CROSS",15D
172,355Q,"MADIVALA, KONAPPANA AGRAHARA",15D
173,356,"SINGASANDRA, BTL COLLEGE",15D
174,356A,"KOODLU GATE, BYRADEVAHALLI",15D
175,356C,"SINGASANDRA, KONAPPANA AGRAHARA",15D
176,356D,"MADIVALA, HUSKURU GATE",15D
177,335A,"MILITARY HOSPITAL, MARATHAHALLI",17D
178,335F,"MAYOHALL, HAL MAIN GATE",17D
179,336B,"DOMLURU, YAMALURU",17D
180,381,"HALASURU, HALAPPANAHALLI",17D
181,131,"CORPORATION, ULSOOR",18
182,131B,"MAYOHALL, ULSOOR",18
183,131C,"ULSOOR, DOOPANAHALLI",18
184,314H,MALLESHPALYA,18
185,314D,VIGNANANAGAR,18
186,314B,C.V. RAMAN NAGAR,18
187,138D,"K.R. CIRCLE, ULSOOR",18
188,314B,"HALASURU, NAGAVARAPALYA",18A
189,314D,"MAYOHALL, MALLESHPALYA",18A
190,314E,"HALASURU, KAGGADASAPURA",18A
191,314G,"MEYOHALLI, BEML GATE",18A
192,314H,"CORPORATION, THIPPASANDRA CROSS",18A
193,314T,"HALASURU, MALLESH PALYA",18A
194,314X,"HALASURU, VIGNANANAGAR",18A
195,314Z,"HALASURU, BEML GATE",18A
196,126,"INDIAN EXPRESS, COLES PARK",19
197,129,"VIDHANA SOUDHA, INDIAN EXPRESS",19
198,290,"VIDHAN SOUDHA, COLES PARK",19
199,290B,"INDIAN EXPRESS, CANTONMENT",19
200,290T,"INDIAN EXPRESS, KACHAKANAHALLI",19
201,290J,"INDIAN EXPRESS, NAGAVARA",19
202,291H,"VIDHANA SOUDHA, MUSLIM COLONY",19
203,291M,"INDIAN EXPRESS, COLES PARK",19
204,302F,"COLES PARK, SUBBAIAHNA PALYA",19
205,302B,"ITC FACTORY, KAMMANAHALLI",19
206,302K,"KR CIRCLE, MARUTHISEVANAGAR",19
207,302N,"VASANTHANAGAR, COLES PARK",19
208,302A,"KR CIRCLE, ITC FACTORY",19
209,292A,"SHIVANANDA STORE, HEBBALA",19A
210,292B,"CONTONMENT, LINGARAJAPURA",19A
211,292C,"INDIAN EXPRESS, ITC",19A
212,293N,"INDIAN EXPRESS, COLES PARK",19A
213,293H,"INDIAN EXPRESS, BAGALURU",19A
214,294E,"INDIAN EXPRESS, KACHAKANAHALLI",19A
215,295A,"CONTONMENT, HENNUR CROSS",19A
216,295B,"INDIAN EXPRESS, GEDDALAHALLI",19A
217,296A,"PULKESHINAGAR, CHIKKAGUBBI CROSS",19A
218,296B,"COLES PARK, HBR LAYOUT, K.P.T.C.L. OFFICE",19B
219,296C,"COLES PARK, LINGARAJAPURA",19B
220,296N,"VASANTHANAGAR, CLARENCE SCHOOL",19B
221,296T,"CLARENCE SCHOL, KACHARAKANAHALLI",19B
222,296V,"CONTONMENT, LINGARAJAPURA",19B
223,300B,"MARUTHI, SEVANAGAR",19B
224,300C,"COLES PARK, BANASWADI",19B
225,415H,"HEBBALA, NAGAWARA",19B
226,56,"KR MARKET, SIRASI CIRCLE",19C
227,57A,"CORPORATION, SIRASI CIRCLE",19C
228,58,"CORPORATION, NEW GUDDADAHALLI",19C
229,58C,"KR MARKET, BAPUJINAGAR",19C
230,59D,"KR MARKET, ATTIGUPPE",19C
231,218A,"M.C.T.C. BUS STATION, KENGERI",19C
232,221A,"NAYANDAHALLI, KOMMAGHATTA",19C
233,222C,"BAPUJINAGAR, NAYANDAHALLI, KENGERI",19D
234,225CB,"COTTONPETE, R.R. TEMPLE, B.H.E.L. LAYOUT CROSS",19D
235,225G,"KR MARKET, BPUJINAGAR, DEVADIGA SOUDHA",19D
236,225H,"COTTONPETE, NAYANDAHALLI, DEVADIGA SOUDHA",19D
237,405,"COTTONPETE, R.V. COLLEGE, MALLATHAHALLI, KAMAKSHIPALYA",19D
238,250S,"YESHWANTHPUR, DASARAHALLI",20A
239,250Y,"YESHWANTHPUR, SEEDEDAHALLI",20A
240,250SA,"R.M.C. YARD, THOTADAGUDDAHALLI",20A
241,250CB,"R.M.C. YARD, BAGALAGUNTE CROSS",20A
242,251B,"YESHWANTHPUR, HESARAGHATTA CROSS",20A
243,252,"YESHWANTHPUR, JALAHALLI CROSS",20A
244,252C,"YESHWANTHPUR, SUNKADAKATTE",20A
245,252D,"YESHWANTHPUR, JALAHALLI CROSS",20A
246,252E,"R.M.C. YARD, JALAHALLI CROSS",20A
247,258T,"DASARAHALLI, NELAMANGALA",20C
248,258VA,"JALAHALLI CROSS, NELAMANGALA",20C
249,258VB,"YESHWANTHPUR, NELAMANGALA",20C
250,258VD,"JALAHALLI CROSS, NELAMANGALA",20C
251,258WA,"YESHWANTHPUR, NELAMANGALA",20C
252,261,MALLESHWARAM RAILWAY STATION,20C
253,263D,"YESHWANTHPUR, DASARAHALLI",20C
254,263F,"MALLESHWARAM, NELAGEDARANAHALLI",20C
255,263G,"YESHWANTHPUR, NELAGEDARANAHALLI",20C
256,82,"HARISHCHANDRAGHAT, YESHWANTHPUR",21
257,82A,"MALLESHWARAM, YESHWANTHPUR",21
258,82C,"CENTRAL, YESHWANTHPUR",21
259,90E,"CENTRAL, YESHWANTHPUR",21
260,98B,"MALLESHWARAM, DEVASANDRA",21
261,98E,"YESHWANTHPUR, KANTIRAVANAGAR",21
262,98F,"MALLESHWARAM 8TH CROSS, GORGUNTEPALYA",21
263,98G,"MALLESHWARAM, DEVASANDRA",21
264,99B,"MALLESHWARAM, MATTHIKERE",21
265,266H,"MATTHIKERE, MS PALYA, DIBBUR",22
266,269,"MALLESHWARAM, BEL CIRCLE",22
267,269B,"MATTHIKERE, BALIGA CIRCLE",22
268,271,"BEL CIRCLE, JALAHALLI EAST",22
269,271A,"MATTHIKERE, GANGAMMA CIRCLE",22
270,271B,MATTHIKERE,22
271,271C,"BEL MARKET, KUVEMPUNAGAR",22
272,271D,"MALLESHWARAM, MUTHYALANAGAR",22
273,271E,"MALLESHWARAM, MS PALYA",22
274,276,"MALLESHWARAM, DEVASANDRA",22B
275,276C,"MALLESHWARAM, DEVASANDRA",22B
276,276J,"MATHIKERE, ATTUR LAYOUT",22B
277,279C,"MEKHRI CIRCLE, NAGASHETTIHALLI",23
278,279E,"RAJMAHAL GUTTAHALLI, GEDDALAHALLI",23
279,279K,"MEKHRI CIRCLE, ASHWATHNAGAR",23
280,281F,"MEKHRI CIRCLE, HUNASAMARANAHALLI",23
281,282F,"HEBBAL, BETTAHALASURU CROSS",23
282,282G,"MEKHRI CIRCLE, YELAHANKA",23
283,284,"MEKHRI CIRCLE, BYATARAYANAPURA",23
284,284C,"RAJMAHAL GUTTAHALLI, ALLALASANDRA",23
285,415H,"HEBBALA, NAGAVARA",23
286,284D,"RAJMAHAL GUTTAHALLI, BYATARAYANAPURA",23A
287,285M,"BYATARAYANAPURA, RAJANUKUNTE",23A
288,286F,"HEBBALA, BYATARAYANAPURA",23A
289,286G,"MEKHRI CIRCLE, BYATARAYANAPURA",23A
290,287G,"MEKHRI CIRCLE, MILITARY DAIRY FORUM",23A
291,287J,"RAJMAHAL GUTTAHALLI, HEBBAL",23A
292,288D,"MEKHRI CIRCLE, HEBBAL",23A
293,288G,"MEKHRI CIRCLE, HEBBAL",23A
294,288H,"MEKHRI CIRCLE, SANJEEVINI NAGAR",23B
295,289M,"MEKHRI CIRCLE, YELAHANKA",23B
296,297G,"HEBBALA, SADAHALLI",23B
297,298G,"HEBBAL, CHIKKAJALA",23B
298,298M,"YELAHANKA, CHIKKAJALA",23B
299,298MA,"HEBBAL, KANNAMANGALA GATE",23B
300,402B,"HEBBAL, YELAHANKA NEW TOWN",23B
301,297J,"HEBBALA, SADAHALLI",23C
302,298G,"HEBBALA, CHIKKAJALA",23C
303,298M,"YELAHANKA, CHIKKAJALA",23C
304,298MA,"HEBBAL, KANNAMANGALA GATE",23C
305,402B,"HEBBAL, YELAHANKA NEW TOWN",23C
306,108B,"VASANTHANAGAR, MUNIREDDYPALYA",24
307,111C,"VASANTHANAGAR, MUNIREDDYPALYA",24
308,114C,"VASANTHANAGAR, MUNIREDDYPALYA",24
309,415A,"VASANTHANAGAR, HMT LAYOUT",24
310,415B,"VASANTHANAGAR, HMT LAYOUT",24
311,104,"CENTRAL, MALLESHWARAM",25
312,145,"CORPORATION, NANJAPPA CIRCLE, AUSTIN TOWN",25A
313,145A,"CORPORATION, NANJAPPA CIRCLE, AUSTIN TOWN, NEELASANDRA",25A
314,146,"CORPORATION, NANJAPPA CIRCLE, AUSTIN TOWN",25A
315,146B,"CORPORATION, NANJAPPA CIRCLE, AUSTIN TOWN, EJIPURA",25A
316,146E,"CORPORATION, NANJAPPA CIRCLE, AUSTIN TOWN, VIVEK NAGAR",25A
317,340A,"MAHARANI COLLEGE, DIARY CIRCLE, AGARA, PARANGIPALYA",25B
318,340M,"MAHARANI COLLEGE, WILSON GARDEN, JAKKASANDRA, PARANGIPALYA",25B
319,340L,"CORPORATION, BELLANDUR MAIN ROAD, CENTRAL JAIL",25B
320,340H,"CORPORATION, DIARY CIRCLE",25B
321,340G,"ADUGODI, JAKKASANDRA, H.S.R. LAYOUT 2ND SECTOR",25B
322,340F,"WILSON GARDEN, ADUGODI",25B
323,341D,"CORPORATION, DIARY CIRCLE, AGADA",25B
324,341E,"CORPORATION, JAKKASANDRA, HARALUR CROSS",25B
325,342F,"CORPORATION, JAKKASANDRA, DODDAKANNELLI, AMERE",25B
326,KBS3A,"MADIWALA, BOMMANAHALLI, SINGASANDRA, HEBBAGODI, CHANDAPURA",26
327,KBS3C,"MADIWALA, BOMMANAHALLI, SINGASANDRA, HEBBAGODI, NARAYANA HRUDAYALAYA",26
328,KBS3E,"MADIWALA, BOMMANAHALLI, KONAPPANA AGRAHARA",26
329,342F,"CORPORATION, SHANTHI NAGAR, KORAMANGALA 1ST BLOCK, BELLANDUR GATE",26
330,343A,"MADIWALA, BOMMANAHALLI, HONGSANDRA, BETTADASANAPURA CROSS",26
331,343B,LALBAGH,26
332,343L,"MADIWALA, BOMMANAHALLI, HONGASANDRA",26
333,343K,"MADIWALA, BOMMANAHALLI, HONGASANDRA",26
334,344B,"MADIWALA, BOMMANAHALLI, BEGURU",26
335,346C,"BANGLORE DAIRY, MADIWALA, KUDLE GATE, HOSA ROAD",26A
336,346H,"BANGLORE DAIRY, MADIWALA, KUDLE GATE, HOSA ROAD",26A
337,346CK,"MADIWALA, HOSA ROAD, CENTRAL JAIL",26A
338,347H,"MADIWALA, SINGASANDRA, HOSA ROAD",26A
339,346N,"MADIWALA, SINGASANDRA, KONAPPANA AGRAHARA",26A
340,346V,"MADIWALA, BOMMANAHALLI, SINGASANDRA",26A
341,347B,"MADIWALA, BOMMANAHALLI",26A
342,347C,"MADIWALA, BOMMANAHALLI, HOSA ROAD",26A
343,347HD,"MADIWALA, BOMMANAHALLI, HOSA ROAD, CHIKKATHOGURU",26A
344,347E,"MADIWALA, BOMMANAHALLI, KUDLUGATE",26A
345,347L,"MADIWALA, BOMMANAHALLI, KUDLUGATE, SOMASUNDARAPALYA",26A
346,348,"MADIWALA, SI APARTMENT",26A
347,351A,"MADIWALA, HEBBAGODI, CHANDAPURA, RAMASANDRA",26B
348,351J,"MADIWALA, HEBBAGODI, CHANDAPURA, RAMASANDRA, MUTTA NELLORU",26B
349,352A,"MADIWALA, HEBBAGODI, KITHAGANUR",26B
350,352B,"MADIWALA, HEBBAGODI, HENNAGARA",26B
351,353C,"MADIWALA, HEBBAGODI, HINMAKKI, SHITANAYAKANAHALLI, MADAPATTANA",26B
352,354B,"LALBAGH, MADIWALA, HEBBAGODI, CHANDAPURA, HIGGALURU",26B
353,354C,"MADIWALA, HEBBAGODI, CHANDAPURA, HIGGALURU",26B
354,355A,"MADIWALA, HEBBAGODI, ARMADALLI",26B
355,355E,"MADIWALA, HEBBAGODI, BIOCON FACTORY, KYALASANAHALLI",26B
356,356A,"MADIWALA, HEBBAGODI, CHANDAPURA, HIGGALURU",26C
357,356D,"MADIWALA, KUDLUGATE, HUSKUR GATE",26C
358,356H,"MADIWALA, HEBBAGODI, CHANDAPURA",26C
359,356M,"MADIWALA, HEBBAGODI, CHANDAPURA, JGGALURU, TARAPUR GATE",26C
360,356CB,"MADIWALA, KONAPPANA AGRAHARA",26C
361,358A,"MADIWALA, HEBBAGODI, CHANDAPURA, GUTTADAHATTI CROSS, KAMBLIPURA TEMPLE",26C
362,360B,"MADIWALA, HEBBAGODI, CHANDAPURA",26C
363,360J,"LALBAGH, MADIWALA, HEBBAGODI, CHANDAPURA",26C
364,365,"BANGALORE DAIRY, GOTTIGERE, KALKERE",27
365,365C,"BANGALORE DAIRY, BILEKANAHALLI, BASAVANAPURA, KOPPA GATE",27
366,365D,"BANGALORE DAIRY, GOTTIGERE, BASAVANAPURA",27
367,365E,"BANGALORE DAIRY, GOTTIGERE, BILAVARADAHALLI",27
368,365F,"BANGALORE DIARY, GOTTIGERE, KOPPA GATE, JIGANI, HARAGADDE",27
369,365J,"BANGALORE DIARY, GOTTIGERE, BANNERGHATTA CIRCLE, KOPPA GATE",27
370,365N,"BANGALORE DIARY, GOTTIGERE, JIGANI, GOWDANAHALLI",27
371,365P,"BANGALORE DIARY, GOTTIGERE, BANNERGHATTA CIRCLE, HARAGADDE",27
372,369C,"BANGALORE DIARY, BILEKANAHALLI, HULIMAVU GATE",27A
373,369D,"BANGALORE DIARY, BILEKANAHALLI, AREKERE GATE",27A
374,369J,"BANGALORE DIARY, HULIMAVU GATE, CHIKKAMMANAHALLI",27A
375,365Q,"BANGALORE DIARY, HULIMAVU GATE, JIGANI HARAGADDE",27A
376,365R,"BANGALORE DIARY, HULIMAVU GATE, GOTTIGERE",27A
377,365W,"BANGALORE DIARY, HULIMAVU GATE, KALKERE, JIGANI",27A
378,367F,"BANGALORE DIARY, HULIMAVU GATE, BASAVANAPURA GATE",27A
379,369CA,"BANGALORE DIARY, BILEKANAHALLI, HULIMAVU",27A
380,369H,"BANGALORE DIARY, BILEKANAHALLI, AREKERE GATE",27A
381,369F,"BANGALORE DIARY, BILEKANAHALLI, CHIKKAMMANAHALLI",27A
382,372F,"BANGALORE DIARY, BILEKANAHALLI, KALKERE, KOPPA GATE",27A
383,304R,"CORPORATION,HALASURU, K.R. PURAM RAILWAY STATION, CHANNASANDRA, MEDIMALLASANDRA, NARAYANAKERE",28
384,304L,"CORPORATION, HALASURU, K.R. PURAM RAILWAY STATION, GARUDACHAR PALYA, HOODI, BODANA HOSAHALLI, DUNNASANDRA",28
385,304X,"HALASURU, K.R. PURAM RAILWAY STATION, CHANNASANDRA, DUNNASANDRA",28
386,304J,"CORPORATION, HALASURU, GARUDACHAR PALYA, HOPE FARM, DUNNASANDRA",28
387,304Z,"GARUDACHAR PALYA, BODANA HOSAHALLI, KALKUNTE AGRAHARA",28
388,305D,"HALASURI, GARUDACHAR PALYA, HOPE FARM",28
389,305S,"HALASURU, GARUDACHAR PALYA, CHANNASANDRA, NADUVATTI",28
390,315J,"HALASURU, K.R. PURAM, AVALAHALLI, BIDARAHALLI, ADURU",28A
391,315K,"HALASURU, BENNIGANAHALLI, CHANNASANDRA BRIDGE, RAMURTHY NAGAR",28A
392,315L,"HALASURU, BENNIGANAHALLI BRIDGE, RING ROAD",28A
393,315P,"HALASURU, BENNIGANAHALLI, RAMURTHY NAGAR, KOWDENAHALLI",28A
394,315T,"HALASURU, BENNIGANAHALLI, KOWDENAHALLI, T.C. PALYA",28A
395,315V,"HALASURU, K.R. PURAM, SADARAMANGALA, HOODI",28A
396,316B,"HALASURU, K.R. PURA, AVALAHALLI, BUDIGERE CROSS",28B
397,316E,"HALASURU, K.R. PURA, AVALAHALLI, CHEEMASANDRA CROSS",28B
398,316G,"HALASURU, K.R. PURA, AVALAHALLI, BUDIGERE CROSS",28B
399,316M,"HALASURU, K.R. PURA, BUDIGERE CROSS, BUDIGERE",28B
400,317A,"HALASURU, K.R. PURA, BUDIGERE CROSS",28B
401,317P,"HALASURU, K.R. PURA, BUDIGERE CROSS, KAJI SONNENAHALLI",28B
402,317V,"HALASURU, K.R.PURA, BUDIGERE CROSS, HOSAKOTE, KODIHALLI, BASAVANAHALLI",28B
403,381,"HALASURU, K.R.PURA, BATTARAHALLI, BUDIGERE CROSS, HOSAKOTE",28B
404,381E,"HALASURU, K.R.PURA, BATTARAHALLI, BUDIGERE CROSS, HOSAKOTE",28B
405,381A,"HALASURU, K.R.PURA, BATTARAHALLI, BUDIGERE CROSS, HOSAKOTE",28B
406,HK12,"HALASURU, K.R.PURA, BATTARAHALLI, BUDIGERE CROSS, HOSAKOTE",28B
407,319F,"HALASURU, GARUDACHAR PALYA, HOODI, AGRAHARA",29
408,319J,"HALASURU, GARUDACHAR PALYA, HOODI, BA AGRAHARA",29
409,320A,"HALASURU, GARUDACHAR PALYA, HOODI, IMMADIHALLI",29
410,321J,"HALASURU, GARUDACHAR PALYA, HOODI, NAGANAYAKANAKOTE",29
411,322A,"HALASURU, CHANNASANDRA, MATKAGURU, MUTHUGADAHALLI",29
412,323AK,"MARATHAHALLI, VARTHUR, RAMAGONDANAHALLI",29A
413,232F,"MARATHAHALLI, VARTHUR, GUNJURU",29A
414,325A,"MARATHAHALLI, SIDDAPURA, VARTHUR",29A
415,327A,"MARATHAHALLI, VARTHUR, GUNJURU",29A
416,327G,"MARATHAHALLI, SIDDAPURA, VARTHUR, NERIGE",29A
417,327K,"MARATHAHALLI, KADUBISANAHALLI, KANNALI, KODATIGET, HEMARE",29A
418,328E,"MARATHAHALLI, SIDDAPURA, KODI",29A
419,328M,"MARATHAHALLI, SIDDAPURA, VARTHUR",29A
420,334C,"DOMLURU, N.A.L., GOLF CLUB",29B
421,334D,"DOMLURU, HAL, MARATHAHALLI, KODI",29B
422,335AA,"MARATHAHALLI, KUNDALAHALLI, GRAPHIT INDIA",29B
423,335N,"DOMLURU, HAL, MARATHAHALLI, ITPL, HOPE FARM",29B
424,335F,"DOMLURU, HAL",29B
425,336B,"DOMLURU, HAL, YAMALURU",29B
426,KBS1I,"DOMLURU, HAL, MARATHAHALLI, ITPL, VAIDEHI",29B
427,KBS1K,"DOMLUR, MARATHAHALLI, SIDDAPURA, KODI, WHITEFIELD",29B
